Links,Passages,Summary
https://newsmobile.in/articles/2023/10/30/fact-check-ratan-tata-did-not-announce-reward-for-rashid-khan-after-afg-defeated-pak/,"In the midsts of ongoing ICC Men‚Äôs Cricket World Cup, a claim surfaced on the internet according to which Industralist Ratan Tata announced a reward of whopping Rs 10 crore for Afghanistan cricketer Rashid Khan. The claim also stated that Pakistan had complain to ICC aganist Rasid Khan during his victory celebration with Indian flag and ICC fined him for Rs 55 lakh aganist Rasid Khan but Ratan Tata declare 10 crore to Rasid Khan.

One of the posts read: ‚ÄúRatan Tata has once again shown his greatness.

Rashid Khan, Afghanistan spinner, after defeating NaPak, took the Indian flag and ran around the ground on victory lap and shouted Bharat Mata ki Jai.

NaPak complained to ICC about his action.

ICC and all other world sports bodies, as always, show staunch opposition any ‚ÄòBharatiya‚Äô eulogization.

ICC imposed a fine of Rs 55 lakhs on Rashid Khan.

Ratan Tata, by saying that the person who showed respect to our National Flag should be lauded. Tata announced that he would not only pay the fine amount of Rs 55 lakhs but also reward Rashid Khan with a whopping amount of Rs 10 crore.

Hail Ratan Tata üôèüôèüôè

*Jai Hind*üáÆüá≥üáÆüá≥üáÆüá≥üáÆüá≥üáÆüá≥

This is *TATA*‚Äù

The above post can be seen here. More such posts can be seen here and here.

The claim started doing rounds after Afghanistan defeated Pakistan in the World Cup clash on October 23, 2023, following which the Afghanistan team took a victory lap of the MA Chidambaram Stadium in Chennai to celebrate their historic win. During the celebration, Rashid Khan could be seen holding the Indian flag.

NewsMobile fact-checked the above claim and found it to be false.

Ratan Tata on Monday took to X (formerly known as Twitter) to refute the claim.

Tata clarified that he did not make any such announcement and he has no connection with cricket.

‚ÄúI have made no suggestions to the ICC or any cricket faculty about any cricket member regarding a fine or reward to any players. I have no connection to cricket whatsoever Please do not believe WhatsApp forwards and videos of such nature unless they come from my official platforms,‚Äù he wrote on X.

I have made no suggestions to the ICC or any cricket faculty about any cricket member regarding a fine or reward to any players.

I have no connection to cricket whatsoever

Please do not believe WhatsApp forwards and videos of such nature unless they come from my official‚Ä¶

Hence, it can be concluded that the viral claim is false.","The claim started doing rounds after Afghanistan defeated Pakistan in the World Cup clash on October 23, 2023. The Afghanistan team took a victory lap of the MA Chidambaram Stadium in Chennai to celebrate their historic win. During the celebration, Rashid Khan could be seen holding the Indian flag."
https://newsmobile.in/articles/2023/10/28/fact-check-viral-post-claiming-n-koreas-kim-jong-un-criticising-us-for-isreal-palestine-conflict-is-false/,"The conflict between Israel and Hamas has so far resulted in over 1,400 reported casualties in Israel and nearly 5,000 in Gaza. Meanwhile, a video of North Korea‚Äôs leader Kim Jong-Un speaking about the Israel-Palestine conflict has gone viral on social media claiming that he was talking about the recent Isreal-Palestine war and criticising US President Joe Biden for the conflict.

A Facebook user shared this video and wrote: ‚ÄúGuess Who Made A Statement About Israel-Hamas. First time Kim Jong-Un has come out to speak on global issues, this is serious.‚Äù

This Facebook post can be seen here.

It is being widely shared on Facebook and X with a similar claim.

NewMobile¬†fact-checked the above claim, and found it to be false.

Running a Reverse Image Search of the video keyframes, the¬†NM team found the same visual in The Guardian report, dated October 2020, saying, the viral video is of the 75th anniversary of North Korea‚Äôs ruling Party, the Workers‚Äô Party of Korea where Kim Jong-Un got emotional while speaking at a military parade in Pyongyang. He also addressed his impoverished people who have been left battered by typhoons, the coronavirus pandemic, and sanctions. Nowhere in the report, Jong-Un has addressed the Israel-Palestine conflict.

A video report by BBC, dated October 13, 2020, shows similar dress as seen in the viral video. According to the report, North Korean leader Kim Jong-Un got emotional during a speech at a military parade and issued a rare apology for his failure to guide the country through tumultuous times exacerbated by the coronavirus outbreak. He also thanked his troops for their efforts against the pandemic and recent natural disasters.

Searching further, our team also found the transcript of the speech made by Kim Jong Un on October 10, 2020, which was translated into English by the Korean Central News Agency. However, there was no mention of the Israel-Palestine conflict in the entire speech. Click here to read the translated speech.

Thus, it is confirmed that the viral video is from 2020 when Kim Jong-Un gave a speech at a military parade. It was NOT related to the ongoing Israel-Hamas conflict.","A video of North Korea‚Äôs leader Kim Jong-Un speaking about the Israel-Palestine conflict has gone viral on social media. A Facebook user shared this video and wrote: ‚ÄúGuess Who Made A Statement About Israel-Hamas.‚Äù NM fact-checked the above claim, and found it to be false."
https://newsmobile.in/articles/2023/10/28/fact-check-recent-post-of-protesters-pro-palestine-rally-in-kerala-goes-viral-with-false-claims/,"A video showing a pro-Palestine march held in Kerala is doing the rounds on social media. Many users have shared the video mocking the demonstrators for carrying the Italian flag instead of Palestinian flag.

A Facebook user posted the viral post with a caption:¬†Supporters of Hamas terrorists¬† gathered in Kerala. Instead of carrying the Palestinian flag üáµüá∏ they carried Italy‚Äôs Flag üáÆüáπ. And they say Kerala has the Highest Literacy rate üòµ‚Äçüí´üòÇüòÇüòÇ

You can check the post here.

NewsMobile fact-checked the viral post, and found it to be false.

Noticing ‚ÄòWelfare Pary Kerala‚Äô written on the main banner as well as some pamphlets, the NM team conducted a Google Keyword Search and identified the official Facebook Page of Welfare Pary Kerala and its cover photo showing a picture from their recent pro-Palestine march in Kerala.

The main white banner matches with the one in the viral video and the flags match, too. While the colours of the flag resemble the Italian flag, the official logo of Welfare Party Kerala also has the same colours as the Italian flag along with two strands of wheat and ‚ÄòWelfare Party of India‚Äô written on it.

Searching further, our team came across a tweet on the official handle of Welfare Party Kerala showing glimpses of their protest in Kerala. We can clearly see that the protesters were carrying the flag of the party and not of Italy or Palestine.

Therefore, we can conclusively say that the viral post, claiming demonstrators in the pro-Palestine rally in Kerala carried the Italian flag instead of Palestine, is false.","A video showing a pro-Palestine march held in Kerala is doing the rounds on social media. Many users have shared the video mocking the demonstrators for carrying the Italian flag instead of Palestinian flag. NewsMobile fact-checked the viral post, and found it to be false."
https://newsmobile.in/articles/2023/10/28/fact-check-does-this-video-show-an-israeli-woman-talking-about-hamas-heres-the-truth/,"A video of a woman‚Äôs interview is doing rounds on social media with a claim that the woman is an Israeli who was captured by Hamas and now she is talking about atrocity committed by them. The post claims that she was staved for days and then was tricked into eating her own one-year-old child.

Here‚Äôs the link to the above post.

NewsMobile fact-checked the post and found the claim to be false.

We noticed the logo of Memri TV on the top left corner of the video. We then extracted the keyframes of the video and ran them through a Reverse Image Search along with a keyword search.

The search led us to a report by the Washington Times dated June 27, 2017, where the same video was present. The headline of the report read, ‚ÄúVian Dakhil on ISIS horror: Yazidi slave tricked into eating own child, 10-year-old raped to death.‚Äù

According to the report, Vian Dakhil is the Iraqi parliament‚Äôs only female Yazidi member.

We also found the same video shared on ‚ÄòX‚Äô by Memri on June 26, 2017. The video was captioned, ‚ÄúYazidi Iraqi MP Vian Dakhil Breaks Down in Tears Recounting Atrocities Committed by ISIS against Her People.‚Äù

The video also had English subtitles, showing Vian Dakhil talking about atrocities committed by the Islamic State terrorists. The same was also reported by other media outlets. The report can be seen here and here.

Thus, from the above fact check, it is clear that the video is old and is not related to the ongoing war between Israel and Hamas.","The video was posted on YouTube on June 26, 2017. It was captioned ‚ÄòVian Dakhil Breaks Down in Tears Recounting Atrocities Committed by ISIS.‚Äô"
https://newsmobile.in/articles/2023/10/28/fact-check-does-the-video-show-afghani-people-celebrating-win-over-pakistan-in-wc-2023-heres-the-truth/,"In the ongoing ICC World Cup 2023 match, Afghanistan defeated Pakistan with 8 wickets. Chasing a challenging target of 283 for victory, Afghanistan secured their maiden ODI win against Pakistan, breaking a streak of 7 unsuccessful attempts in the past. Against the backdrop, a clip of men dancing with assault rifles is shared on social media claiming that the people of Afghanistan celebrating their win over Pakistan.

A Facebook user shared this video and wrote: ‚Äú‡§™‡§æ‡§ï‡§øs‡§§‡§æ‡§® ‡§ï‡•ã ‡§π‡§∞‡§æ‡§®‡•á ‡§ï‡•á ‡§¨‡§æ‡§¶ ‡§Ö‡§´‡§ó‡§æ‡§®‡§ø‡§∏‡•ç‡§§‡§æ‡§® ‡§Æ‡•á‡§Ç ‡§ú‡§∂‡•ç‡§® ‡§ï‡§æ ‡§Æ‡§æ‡§π‡•å‡§≤‚Ä¶.‡§™‡§æ‡§ï ‚Äì ‡§Ö‡§´‡§ó‡§æ‡§® ‡§¨‡•â‡§∞‡•ç‡§°‡§∞ ‡§™‡§∞ ‡§Ü‡§ú ‡§§‡§æ‡§≤‡§ø‡§¨‡§æ‡§® ‡§ú‡§¨‡§∞‡§¶‡§∏‡•ç‡§§ ‡§Ü‡§§‡§ø‡§∂‡§¨‡§æ‡§ú‡•Ä ‡§ï‡§∞‡•á‡§ó‡§æ‚Ä¶.#ICCWorldCup#Afghanistan.‚Äù¬†[English translation: Celebratory atmosphere in Afghanistan after defeating Pakistan‚Ä¶. Today Taliban will burst fireworks on the Pak-Afghan border.#ICCWorldCup #Afghanistan]

This Facebook post can be seen here.

It is being widely shared on Facebook and X with a similar claim.

NewsMobile¬†fact-checked the viral post, and found it to be false.

Running the video keyframes through Reverse Image Search, our team identified a YouTube video titled ‚ÄúDJ Bannu Dance‚Äù. The video, which has instrumental music, was uploaded by a channel named ‚ÄòWaziristan Music‚Äô, dated March 30, 2021, suggesting that the viral video is not of recent.

Searching further, we came to know that several Indian media outlets in 2021 had shared this video claiming that Taliban are celebrating after occupying Afghanistan. Also, a tweet from a Pakistan-based journalist, Iftikhar Firdous, who lashed at news channel TV9 Bharatvarsh for airing a Pakistani wedding celebration with a caption: ‚ÄúUnbelievable an Indian Channel is showing a viral video of marriage in Khyber Pakhtunkhwa, Pakistan. Dancers in the marriage are masquerading. The anchor shows them as the Taliban celebrating the take over of Maidan in Afghanistan. This is next level bullshit, lol.‚Äù

Unbelievable an Indian Channel is showing a viral video of a marriage in Khyber Paktunkhwa, Pakistan. Dancers in the marriage are masquerading. The anchor is showing them as the Taliban celebrating the take over of Maidan in Afghanistan . This is next level bullshit lol. pic.twitter.com/TC18FRLXGd

Thus, it is confirmed that the viral video is from 2021, and not related to the ongoing Afghanistan Vs Pakistan World Cup 2023 match.","In the ongoing ICC World Cup 2023 match, Afghanistan defeated Pakistan with 8 wickets. Afghanistan secured their maiden ODI win against Pakistan, breaking a streak of 7 unsuccessful attempts in the past. A clip of men dancing with assault rifles is shared on social media claiming that the people of Afghanistan celebrating their win over Pakistan."
https://newsmobile.in/articles/2023/10/28/fact-check-2014-video-of-jews-protest-against-israeli-conscription-draft-in-new-york-viral-as-recent/,"A video showing a huge crowd of Jews gathering on the streets of New York to protest against the Israeli conscription draft has gone viral on social media. Many users claim that these Jews gathered to protest because they didn‚Äôt want to do the mandatory military service in Israel and forced conscription of the population.

A Facebook user posted the viral post with the following caption:

These images were taken in New York. Thousands of Jews are protesting against Israel. Because Jews do not want to do military service in Israel‚Ä¶ they are forced to do military service or arrested in Israel.

Zionism and anti-Israel Torah Jews hold regular rallies to protest Israel‚Äôs conscription laws and the bullying forced conscription of Jewish men and women.

There are thousands of Jews who do not recognise the Zionist State. Why does the media never talk about them?

Zionism does not represent us! Israel is not a Jewish state! We are not part of the state of Israel. We are against Zionism. Judaism is not Zionism.

You can check the post here.

NewsMobile fact-checked the viral post, and found it to be misleading.

Running a Reverse Image Search of the video keyframes, the NM team found an article on a website CrownHeights.info, dated March 9, 2014 and titled: Tens of Thousands Protest IDF Draft in Manhattan. The photo gallery shows images similar to the keyframes in the viral video, indicating that it might be from 2014.

According to the article, thousands of Jews gathered in Manhattan to protest the Israeli government‚Äôs proposed military draft for all its citizens.

We also found a YouTube video, an unverified channel, dated March 9, 2014 and titled: 50,000 Jews United In Prayer For The Abolishment Of The Israeli Military Draft.

The video looks like a longer version of the viral clip and the keyframes starting 1:48 match the latter. Although we could not find the original source of the video, it is at least nine years old before the ongoing Israel-Hamas war.

Therefore, we can conclusively say that the viral post‚Äôs claim is misleading.",A video of Jews in New York protesting against the Israeli military draft has gone viral. The video was posted on Facebook with the caption: 'Thousands of Jews are protesting against Israel. We are not part of the state of Israel. Judaism is not a state'
https://newsmobile.in/articles/2023/10/28/fact-check-2019-video-of-children-trapped-under-rubble-in-syria-linked-to-israel-palestine-war/,"A video depicting children trapped amidst the wreckage of a collapsed building has gone viral on social media. The video shows children both inside and outside the building crying for help. It also captures individuals frantically attempting to clear the debris and rescue the trapped children. Many users claim that this incident occurred recently in Palestine.

The video is shared on Facebook with a caption: ‚Äú‡§ï‡§π‡§æ‡§Å ‡§π‡•à ‡§¶‡•Å‡§®‡§ø‡§Ø‡§æ ‡§ï‡•á ‡§µ‡•ã ‡§π‡•Å‡§ï‡•ç‡§Æ‡§∞‡§æ‡§® ‡§ú‡•ã ‡§á‡§Ç‡§∏‡§æ‡§´‡§º ‡§ï‡•Ä ‚Ä¢ ‡§¨‡§°‡§º‡•Ä ‡§¨‡§°‡§º‡•Ä ‡§¨‡§æ‡§§‡•á‡§Ç ‡§ï‡§∞‡§§‡•á ‡§π‡•à‡§Ç ‡§≤‡•á ‡§ï‡§ø‡§® ‡§ú‡§¨ ‡§ú‡•Å‡§≤‡•ç‡§Æ ‡§π‡•ã‡§§‡§æ ‡§π‡•à ‡§ï‡§ø‡§∏‡•Ä ‡§Æ‡§ú‡§º‡§≤‡•Ç‡§Æ ‡§™‡§∞ ‡§§‡•ã ‡§ö‡•Å‡§™ ‡§∞‡§π‡§§‡•á ‡§π‡•à ‡§Ö‡§≤‡•ç‡§≤‡§æ‡§π ‡§´‡§º‡§ø‡§≤‡§ø‡§∏‡•ç‡§§‡•Ä‡§® ‡§ï‡•Ä ‡§ó‡•à‡§¨ ‡§∏‡•á ‡§Æ‡§¶‡§¶ ‡§´‡§º‡§∞‡§Æ‡§æ ‡§Ü‡§Æ‡•Ä‡§®‚Äù¬†(English translation: Where are those rulers of the world who talk big about justice but when there is oppression of the oppressed they remain silent? May Allah help Palestine from heaven, Ameen)

Here‚Äôs the link to the above post.

NewsMobile fact-checked the above claim, and found it to be FALSE.

Performing a Reverse Image Search, the NM team traced a Facebook post carrying the extended version of the viral video, dated May 31, 2019, with a caption: ‚ÄúMore children targeted by Assad bombs from the sky in #Idlib. Just look at how many children are injured in SYRIA ON 30 MAY 2019‚Äù. Evidently, this video is old and unrelated to the ongoing Israel-Palestine war.

We also found a video akin to the viral footage dated June 15, 2019. In this video, individuals involved in the rescue operation are attired in identical uniforms and white helmets, mirroring those seen in the extended version of the viral clip. The term ‚ÄòThe White Helmet‚Äô is visibly inscribed in this higher-quality footage on their uniforms.

The viral video had been shared on the organisation‚Äôs Twitter account, dated May 31, 2019. As per the tweet, the video pertains to the attacks in the city of ‚ÄòMa‚Äôarrat Nu‚Äôman‚Äô in Syria, during which five people lost their lives.

The horrified wails of children punctuate one of the last day of the holy month of #Ramadan. Today the target was #MaaretNuman City. Five civilians were killed in this attack, 3 were brothers. The parents of the boys were rescued alive and 1 brother was pulled from the rubble. pic.twitter.com/8TV9Qxmc5f

Thus, it is evident that an old video from Syria is falsely linked to the Israel-Palestine war.",A video depicting children trapped amidst the wreckage of a collapsed building has gone viral on social media. The video shows children both inside and outside the building crying for help. It also captures individuals frantically attempting to clear the debris and rescue the trapped children. Many users claim that this incident occurred recently in Palestine.
https://newsmobile.in/articles/2023/10/28/fact-check-viral-image-showing-ex-cm-raman-singh-applying-tilak-on-ed-photo-is-morphed/,"The state election in Chhattisgarh is going to be held in two phases on November 7 and 17. The results will be announced on December 3. All the parties are actively campaigning for this election. Meantime, an image of former chief minister of Chhattisgarh Raman Singh applying tilak on a photo frame carrying the Enforcement Directorate (ED) logo has gone viral on social media claiming this image to be a recent one.

A Facebook user shared this image and wrote: ‚Äú‡§ï‡§Æ‡•Ä‡§∂‡§®‡§ñ‡•ã‡§∞ ‡§∞‡§Æ‡§® ‡§∏‡§ø‡§Ç‡§π ‡§®‡•á ‡§≠‡•Ä #‡§¶‡§∂‡§π‡§∞‡§æ ‡§™‡§∞ ‡§Ö‡§™‡§®‡•á ‡§π‡§•‡§ø‡§Ø‡§æ‡§∞ ‡§ï‡§æ ‡§™‡•Ç‡§ú‡§® ‡§ï‡§ø‡§Ø‡§æ.‚Äù¬†[English translation: Commission agent Raman Singh worshipped his weapon on #Dussehra.]

This Facebook post can be seen here.

It is being widely shared on Facebook and X with a similar claim.

NewsMobile fact-checked the above claim, and found it to be FAKE.

With Reverse Image Search, the¬†NM team traced similar visuals in a tweet shared by the official handle of Raman Singh, dated October 25. While replying to INC Chhattisgarh‚Äôs tweet, Raman called the viral claim fake. On observing the image carefully, we found Raman Singh applying tilak on the picture of Lord Narayan.

While criticising Congress party, he wrote: ‚ÄúRavana was seeing humans in Narayan and the corrupt are seeing in Narayan, which is going to be the reason for their downfall. It is good that you are accepting the truth at the last moment, now sit in solitude for the next five years and reflect on your corruption.‚Äù

Searching further, we also found the viral image in a tweet shared by Raman Singh, dated October 24, 2023, with a description: ‚ÄúToday, I participated in the programme organised at Udayachal Charitable Eye Hospital, Rajnandgaon, and addressed the people of that area. There was a detailed discussion on the work of Udayachal Charitable Eye Hospital dedicated to the service of Rajnandgaon residents.‚Äù

We then compared the viral image with the original image. Below one can see the difference.

Thus, we can conclusively say that the viral image is edited.",Chhattisgarh state election to be held in two phases on November 7 and 17. The results will be announced on December 3. Image of Raman Singh applying tilak on photo frame carrying ED logo has gone viral on social media claiming this image to be a recent one.
https://newsmobile.in/articles/2023/10/30/fact-check-2018-video-of-bjp-leader-greeted-with-a-garland-of-shoes-linked-with-rajasthan-elections/,"Ahead of the upcoming Assembly elections, a video of a BJP leader ‚Äî greeted with a garland of shoes ‚Äî is being circulated on social media with a claim that it is from Rajasthan.

The caption of the video reads: ‡§∞‡§æ‡§ú‡§∏‡•ç‡§•‡§æ‡§® ‡§Æ‡•á‡§Ç bjp ‡§ï‡§æ ‡§Ø‡•á ‡§π‡§æ‡§≤ ‡§π‡•à (English translation: This is the condition of BJP in Rajasthan)

Here‚Äôs the link to the above post.

NewsMobile fact-checked the post, and found it to be old.

Running the Reverse Image Search, we spotted the same video uploaded by News Tak, dated January 7, 2018, with a title: ‚Äú‡§è‡§Æ‡§™‡•Ä ‡§Æ‡•á‡§Ç ‡§¨‡•Ä‡§ú‡•á‡§™‡•Ä ‡§®‡•á‡§§‡§æ ‡§ï‡•ã ‡§∏‡§∞‡•á‡§Ü‡§Æ ‡§™‡§π‡§®‡§æ ‡§¶‡•Ä ‡§ú‡•Ç‡§§‡•ã‡§Ç ‡§ï‡•Ä ‡§Æ‡§æ‡§≤‡§æ.‚Äù (English translation: Locals put a garland of shoes on BJP leader in Madhya Pradesh)

The same video was also uploaded by the newswire ANI on January 7, 2018.

According to the report, the incident came to light from Madhya Pradesh‚Äôs Dhar district and the man in the video is BJP leader Dinesh Sharma.

We also found a report by NDTV, dated January 8, 2018, regarding the same incident.

NewsMobile had debunked the same video earlier when it was falsely linked to Gujarat Assembly elections.

So, it is clear that the incident is old.","A video of a BJP leader being greeted with a garland of shoes is being circulated on social media. The caption of the video reads: This is the condition of BJP in Rajasthan. NewsMobile fact-checked the post, and found it to be old."
